STATE,ST_CASE,VE_TOTAL,VE_FORMS,PVH_INVL,PEDS,PERNOTMVIT,PERMVIT,PERSONS,COUNTY,CITY,DAY,MONTH,YEAR,DAY_WEEK,HOUR,MINUTE,NHS,RUR_URB,FUNC_SYS,RD_OWNER,ROUTE,TWAY_ID,TWAY_ID2,MILEPT,LATITUDE,LONGITUD,SP_JUR,HARM_EV,MAN_COLL,RELJCT1,RELJCT2,TYP_INT,WRK_ZONE,REL_ROAD,LGT_COND,WEATHER1,WEATHER2,WEATHER,SCH_BUS,RAIL,NOT_HOUR,NOT_MIN,ARR_HOUR,ARR_MIN,HOSP_HR,HOSP_MN,CF1,CF2,CF3,FATALS,DRUNK_DR
19,190182,2,2,0,0,0,2,2,119,0,15,7,2016,6,14,55,0,1,4,1,3,SR-182,,20,43.33823056,-96.428713890000,0,12,2,0,1,1,0,1,1,1,0,1,0,0000000,99,99,99,99,99,99,0,0,0,1,0
19,190183,1,1,0,0,0,4,4,35,0,30,7,2016,7,18,45,0,1,6,2,4,CR-470TH ST,,0,42.83703056,-95.575386110000,0,1,0,0,1,1,0,4,1,10,0,10,0,0000000,18,47,18,55,19,8,0,0,0,1,1
19,190184,1,1,0,0,0,1,1,19,0,30,7,2016,7,20,7,0,1,5,2,4,CR-W35/QUASQUETON DIAGONAL BLV,,0,42.40981389,-91.763205560000,0,1,0,0,1,1,0,4,1,1,0,1,0,0000000,99,98,99,98,88,88,0,0,0,1,1
19,190185,1,1,0,0,0,2,2,75,0,4,8,2016,5,15,30,1,1,3,1,2,US-20,,220,42.46362778,-92.559166670000,0,34,0,0,1,1,0,4,1,10,0,10,0,0000000,15,31,15,40,99,99,0,0,0,1,0
19,190186,2,2,0,0,0,3,3,83,0,11,7,2016,2,3,25,1,1,3,1,2,US-20,,118,42.44797778,-93.225611110000,0,1,0,0,1,1,0,1,2,1,0,1,0,0000000,3,22,3,37,99,99,0,0,0,1,0
19,190187,1,1,0,0,0,1,1,61,2430,31,7,2016,1,13,2,0,2,7,4,6,JACKSON ST,,0,42.53026667,-90.683022220000,0,33,0,0,1,1,0,4,1,10,0,10,0,0000000,13,5,13,11,13,22,0,0,0,1,0
19,190188,1,1,0,0,0,2,2,111,0,21,5,2016,7,1,26,0,1,4,1,3,SR-16,,242,40.73981389,-91.312616670000,0,5,0,0,1,1,0,1,2,99,0,99,0,0000000,88,88,88,88,88,88,0,0,0,1,1
19,190189,1,1,0,0,0,2,2,133,0,5,8,2016,6,4,0,1,1,1,1,1,I-29,,100,42.01383611,-96.121669440000,0,1,0,0,1,1,0,1,2,1,0,1,0,0000000,4,14,4,24,4,44,0,0,0,1,0
19,190190,2,2,0,0,0,4,4,179,6490,5,8,2016,6,12,17,0,2,4,1,3,SR-149,E ROCHESTER ST,33,41.06001111,-92.409800000000,0,12,6,0,2,2,0,1,1,1,0,1,0,0000000,12,18,12,25,12,40,0,0,0,1,0
19,190191,2,2,0,0,0,2,2,183,0,5,8,2016,6,15,11,0,1,5,2,4,CR-W61/RIVERSIDE RD,,0,41.32609722,-91.677983330000,0,12,2,0,1,1,0,1,1,1,0,1,0,0000000,99,99,99,99,99,99,0,0,0,1,0
19,190192,1,1,0,0,0,1,1,59,0,6,8,2016,7,0,55,0,1,5,2,4,CR-M56/260TH AVE,CR-A15/125TH ST,0,43.46641944,-95.076205560000,0,1,0,0,3,3,0,4,2,1,0,1,0,0000000,99,98,99,98,88,88,0,0,0,1,0
19,190193,2,2,0,0,0,2,2,113,1340,5,8,2016,6,22,48,0,2,4,4,6,WRIGHT BROTHERS BLVD SW,I-380 RAMP,0,41.89063611,-91.668647220000,0,12,1,1,2,2,0,1,3,1,0,1,0,0000000,99,98,99,98,88,88,0,0,0,1,1
19,190194,1,1,0,0,0,1,1,187,3020,8,8,2016,2,3,7,0,2,4,4,6,WILLIAMS DR,,0,42.52505556,-94.187050000000,0,33,0,0,1,1,0,4,3,1,0,1,0,0000000,99,98,99,98,88,88,20,0,0,1,0
19,190195,2,2,0,0,0,1,1,67,0,9,8,2016,3,11,46,1,1,3,1,2,US-18,,65,43.12221944,-92.891047220000,0,12,1,0,1,1,0,1,1,1,0,1,0,0000000,11,50,12,6,12,34,0,0,0,1,0
19,190196,1,1,0,0,0,1,1,57,1120,9,8,2016,3,21,5,0,2,4,4,6,MT PLEASANT ST,,0,40.82169167,-91.128352780000,0,33,0,0,1,1,0,4,3,1,0,1,0,0000000,21,27,21,51,22,50,0,0,0,1,1
19,190197,2,2,0,0,0,3,3,11,0,10,8,2016,4,10,15,0,1,5,2,4,CR-E20/61ST LN,,0,42.15216111,-92.000644440000,0,12,2,0,1,1,0,1,1,1,0,1,0,0000000,10,19,10,25,99,99,0,0,0,2,0
19,190198,1,1,0,0,0,1,1,127,0,10,8,2016,4,20,15,0,1,3,1,3,SR-14/SANFORD AVE,,233,42.20541389,-92.904461110000,0,42,0,0,1,1,0,4,5,10,0,10,0,0000000,99,98,99,98,88,88,0,0,0,1,0
19,190199,3,2,1,0,0,3,3,153,2260,11,8,2016,5,15,42,0,2,4,4,6,HUBBLE AVE,E 27TH ST,0,41.61899167,-93.563625000000,0,12,6,0,3,3,0,1,1,1,0,1,0,0000000,99,99,99,99,99,99,0,0,0,1,0
19,190200,2,2,0,0,0,4,4,153,2260,14,8,2016,1,0,52,0,2,7,4,6,LOWER BEAVER RD,,0,41.63006111,-93.662686110000,0,12,2,0,1,1,0,1,3,10,0,10,0,0000000,99,99,99,99,99,99,20,0,0,1,1
19,190201,2,2,0,0,0,3,3,139,5930,14,8,2016,1,9,40,1,2,3,1,2,US-61/GRANDVIEW AVE,47TH AVE W,65,41.38433889,-91.103363890000,0,12,6,0,2,2,0,1,1,1,0,1,0,0000000,9,42,9,44,10,4,0,0,0,1,0
19,190202,1,1,0,0,0,1,1,7,0,19,8,2016,6,21,0,0,1,7,2,4,CR-584TH ST,,0,40.63091389,-92.964811110000,0,1,0,0,1,1,0,4,2,1,0,1,0,0000000,99,98,99,98,88,88,0,0,0,1,0
19,190203,2,2,0,0,0,4,4,187,0,20,8,2016,7,18,11,1,1,3,1,2,US-169/LAINSON AVE,CR-300TH ST,129,42.35409444,-94.183927780000,0,12,6,0,2,2,0,1,1,1,0,1,0,0000000,99,99,99,99,99,99,0,0,0,1,0
19,190204,2,2,0,0,0,2,2,13,8790,30,6,2016,5,15,37,0,2,4,4,6,W AIRLINE HWY,,0,42.54204444,-92.361963890000,0,12,6,0,1,1,0,1,1,2,0,2,0,0000000,15,37,15,43,15,56,0,0,0,1,0
19,190205,1,1,0,0,0,1,1,13,8790,21,8,2016,1,6,17,1,2,3,1,2,US-218/WASHINGTON ST,,202,42.53661111,-92.388719440000,0,1,0,0,1,1,0,4,9,1,0,1,0,0000000,88,88,88,88,88,88,0,0,0,1,0
19,190206,2,2,0,0,0,5,5,21,0,21,8,2016,1,17,4,0,1,7,2,4,CR-620TH ST,CR-70TH AVE,0,42.61893056,-95.269786110000,0,12,6,0,2,2,0,1,1,1,0,1,0,0000000,99,98,99,98,88,88,0,0,0,1,1
19,190207,1,1,0,0,0,1,1,33,5370,26,6,2016,1,2,25,0,2,3,1,3,SR-122/4TH ST SE,COLLEGE DR,112,43.14811667,-93.133705560000,0,33,0,0,3,2,0,4,3,99,0,99,0,0000000,99,98,99,98,88,88,0,0,0,1,1
19,190208,2,2,0,0,0,3,3,193,0,21,8,2016,1,20,19,0,1,5,2,4,CR-D25/OLD HWY 141,CR-300TH ST,0,42.27120833,-96.084780560000,0,12,2,0,3,3,0,1,1,1,0,1,0,0000000,20,39,20,55,21,18,0,0,0,2,0
19,190209,2,2,0,0,0,3,3,123,0,22,8,2016,2,16,9,0,1,3,1,3,SR-163,,16,41.38953889,-92.837263890000,0,12,1,0,1,1,0,1,1,1,0,1,0,0000000,99,99,99,99,99,99,0,0,0,1,0
19,190210,1,1,0,0,0,7,7,163,2080,3,8,2016,4,22,18,0,2,4,4,6,W LOCUST ST,,0,41.53820278,-90.654963890000,0,5,0,0,1,1,0,1,2,10,0,10,0,0000000,22,20,22,28,22,42,0,0,0,1,0
19,190211,1,1,0,0,0,1,1,183,0,23,8,2016,3,12,8,0,1,3,1,3,SR-1,,147,41.27920278,-91.719344440000,0,38,0,0,1,1,1,4,1,99,0,99,0,0000000,88,88,88,88,88,88,0,0,0,1,0
19,190212,1,1,0,0,0,1,1,13,8790,26,8,2016,6,8,0,1,2,1,1,1,I-380,,167,42.46381389,-92.314925000000,0,1,0,0,1,1,0,4,1,10,0,10,0,0000000,88,88,88,88,88,88,0,0,0,1,0
19,190213,1,1,0,0,0,2,2,163,0,23,7,2016,7,19,28,0,1,7,2,4,CR-TERRITORIAL RD,,0,41.61216389,-90.353919440000,0,31,0,0,1,1,0,4,1,1,0,1,0,0000000,19,23,19,27,19,57,0,0,0,2,1
19,190214,2,2,0,0,0,3,3,191,0,30,8,2016,3,19,32,0,1,5,2,4,CR-W40,,0,43.48891389,-91.768369440000,0,12,2,0,1,1,0,1,1,1,0,1,0,0000000,99,98,99,98,88,88,0,0,0,1,0
19,190215,2,2,0,0,0,2,2,43,0,1,9,2016,5,16,7,0,1,5,2,4,CR-X56/GREAT RIVER RD,CR-LACE AVE,0,42.86770000,-91.135716670000,0,12,6,0,2,3,0,1,1,1,0,1,1,0000000,99,98,99,98,88,88,0,0,0,1,0
19,190216,1,1,0,0,0,1,1,191,0,4,9,2016,1,3,30,0,1,5,2,4,CR-214,,0,43.21808611,-91.950708330000,0,1,0,0,1,1,0,4,2,1,0,1,0,0000000,99,98,99,98,88,88,0,0,0,1,1
19,190217,2,2,0,0,0,4,4,153,0,5,9,2016,2,18,54,0,1,6,2,4,CR-S14/NE74TH ST,,0,41.81885278,-93.459375000000,0,12,2,0,1,1,0,1,1,1,0,1,0,0000000,99,99,99,99,99,99,0,0,0,1,0
19,190218,2,2,0,0,0,2,2,45,0,8,9,2016,5,13,4,1,1,3,1,2,US-61,,91,41.89156389,-90.587680560000,0,12,1,0,1,1,0,1,1,1,0,1,0,0000000,13,5,13,12,13,26,0,0,0,1,0
19,190219,2,2,0,0,0,3,3,193,7850,12,9,2016,2,7,45,1,2,3,1,2,US-20/SR-12/GORDON DR,DACE AVE,43,42.48973611,-96.401486110000,0,12,6,0,2,3,0,1,1,1,0,1,0,0000000,7,46,7,49,8,3,0,0,0,1,0
19,190220,2,2,0,0,0,2,2,49,0,3,8,2016,4,13,33,1,1,3,1,2,US-6/GUTHRIE ST,I-80,109,41.54153611,-94.012677780000,0,12,6,0,2,2,0,1,1,1,0,1,0,0000000,99,98,99,98,88,88,0,0,0,1,0
19,190221,1,1,0,1,1,2,2,163,0,1,9,2016,5,10,10,1,1,3,1,2,US-61,,23,41.50894167,-90.739536110000,0,8,0,0,1,1,1,1,1,1,0,1,0,0000000,10,20,10,31,10,47,20,0,0,1,0
19,190222,3,3,0,0,0,7,7,153,2260,8,9,2016,5,15,13,0,2,4,4,6,SE 6TH ST,E BELL AVE,0,41.56264444,-93.605244440000,0,12,6,0,2,2,0,1,1,1,0,1,0,0000000,15,13,15,17,15,38,0,0,0,1,0
19,190223,1,1,0,1,1,1,1,139,0,25,6,2016,7,9,36,0,1,5,2,4,CR-X34/DAVIS AVE,,0,41.56196667,-91.304477780000,0,9,0,0,1,1,0,1,1,1,0,1,0,0000000,9,42,9,49,10,15,0,0,0,1,0
19,190224,2,2,0,0,0,2,2,153,2260,12,9,2016,2,16,31,0,2,4,4,6,INDIANOLA AVE,E PORTER AVE,0,41.53431667,-93.577452780000,0,12,6,0,2,3,0,1,1,1,0,1,0,0000000,16,31,16,34,16,50,0,0,0,1,0
19,190225,2,2,0,0,0,2,2,99,0,12,9,2016,2,17,42,0,1,3,1,3,SR-163 W,CR-PRAIRIE AVE,67,41.58837222,-93.201916670000,0,12,6,0,2,3,0,1,1,1,0,1,0,0000000,17,39,17,48,18,33,0,0,0,1,0
19,190226,1,1,0,0,0,1,1,97,0,14,9,2016,4,10,49,1,1,3,1,2,US-52/GREAT RIVER RD,,155,42.17743889,-90.346536110000,0,42,0,0,1,1,0,4,1,1,0,1,0,0000000,99,98,99,98,88,88,0,0,0,1,0
19,190227,1,1,0,0,0,1,1,87,0,15,9,2016,5,14,20,1,1,3,1,2,US-218,,63,40.90601389,-91.549852780000,0,1,0,0,1,1,0,4,1,10,0,10,0,0000000,14,25,14,43,15,14,0,0,0,1,0
19,190228,1,1,0,0,0,1,1,95,0,16,9,2016,6,21,35,0,1,7,2,4,CR-116TH ST,,0,41.83843333,-91.977016670000,0,1,0,0,1,1,0,4,2,10,0,10,0,0000000,99,98,99,98,88,88,0,0,0,1,0
19,190229,1,1,0,0,0,1,1,79,0,18,9,2016,1,19,27,0,1,5,2,4,CR-D54/BELLEVILLE RD,CR-SHILOH RD,0,42.29762222,-93.929450000000,0,1,0,0,3,3,0,4,2,1,0,1,0,0000000,99,98,99,98,88,88,0,0,0,1,1
19,190230,2,2,0,0,0,2,2,139,0,4,8,2016,5,4,17,1,1,3,1,2,US-61,,286,41.51284167,-90.787669440000,0,12,2,0,1,1,0,1,2,1,0,1,0,0000000,99,98,99,98,88,88,0,0,0,2,1
19,190231,1,1,0,0,0,1,1,13,8790,18,9,2016,1,22,38,0,2,7,4,6,WESTFIELD AVE,,0,42.50421389,-92.366427780000,0,43,0,0,1,1,0,4,3,1,0,1,0,0000000,22,39,22,44,23,1,0,0,0,1,0
19,190232,1,1,0,1,1,1,1,89,0,19,9,2016,2,19,10,0,1,5,2,4,CR-A23/45TH ST,,0,43.45093056,-92.176116670000,0,49,0,0,1,1,0,1,1,1,0,1,0,0000000,19,10,19,22,99,96,0,0,0,1,0
19,190233,4,4,0,0,0,4,4,163,0,11,9,2016,1,22,22,1,1,3,1,2,US-67/CODY RD,,122,41.58285278,-90.390702780000,0,12,2,0,1,1,0,1,2,1,0,1,0,0000000,99,99,99,99,99,99,0,0,0,2,1
19,190234,3,3,0,0,0,5,5,113,1340,21,9,2016,4,11,34,0,2,7,4,6,J ST SW,,0,41.93797778,-91.666580560000,0,12,2,0,1,1,0,1,1,10,0,10,0,0000000,99,99,99,99,99,99,0,0,0,1,0
19,190235,1,1,0,0,0,1,1,125,4380,25,9,2016,1,9,10,0,2,4,2,4,CR-T15/E MAIN ST,,0,41.31771667,-93.080472220000,0,24,0,0,1,1,0,4,1,10,0,10,0,0000000,99,98,99,98,88,88,0,0,0,1,0
19,190236,2,2,0,0,0,2,2,167,0,26,9,2016,2,15,0,0,2,6,2,4,CR-B20/330TH ST,,0,43.17133333,-95.874486110000,0,12,2,0,8,1,0,1,1,10,0,10,0,0000000,15,3,15,8,15,26,0,0,0,1,0
19,190237,2,2,0,0,0,3,3,87,0,9,4,2016,7,23,12,0,1,4,2,4,CR-GRAND AVE,,0,40.98161944,-91.540369440000,0,12,6,0,8,1,0,1,3,1,0,1,0,0000000,23,26,23,48,0,29,0,0,0,1,0
19,190238,1,1,0,0,0,3,3,111,0,31,7,2016,1,3,10,0,1,3,1,3,SR-2,,120,40.63159722,-91.499158330000,0,35,0,0,1,1,0,4,2,1,0,1,0,0000000,99,99,99,99,99,99,0,0,0,1,0
19,190239,2,2,0,0,0,2,2,57,1120,3,9,2016,7,21,50,0,2,7,4,6,MADISON AVE,LEWIS ST,0,40.79525278,-91.107450000000,0,12,2,0,3,3,0,1,3,1,0,1,0,0000000,99,98,99,98,88,88,0,0,0,1,1
19,190240,3,1,2,0,0,1,1,153,2260,27,9,2016,3,19,5,0,2,7,4,6,E VIRGINIA AVE,,0,41.55682778,-93.578911110000,0,14,0,0,1,1,0,4,5,1,0,1,0,0000000,19,8,19,12,19,33,0,0,0,1,0
19,190241,2,2,0,0,0,2,2,187,0,29,9,2016,5,16,35,0,1,4,1,3,SR-7/190TH ST,,96,42.51566111,-94.255516670000,0,12,2,0,1,1,0,4,1,1,0,1,0,0000000,16,47,17,6,17,49,0,0,0,1,0
19,190242,2,2,0,0,0,2,2,153,2260,22,8,2016,2,21,10,0,2,4,4,6,ARMY POST RD,SW 12TH ST,0,41.52650556,-93.630519440000,0,12,6,0,2,3,0,1,3,1,0,1,0,0000000,99,98,99,98,88,88,0,0,0,1,1
19,190243,3,3,0,0,0,3,3,87,0,7,8,2016,1,16,4,1,1,3,1,2,US-218 RAMP,,5,40.99991111,-91.545913890000,0,12,1,1,5,1,0,1,1,10,0,10,0,0000000,16,4,16,12,16,27,0,0,0,1,0
19,190244,1,1,0,0,0,1,1,113,0,23,9,2016,6,17,3,0,1,4,2,4,CR-W6E/NORTH CENTER POINT RD,CR-ZIESER LANE,0,42.09034444,-91.692097220000,0,1,0,0,3,3,0,4,1,10,0,10,0,0000000,17,6,17,15,17,38,0,0,0,1,0
19,190245,2,2,0,0,0,2,2,95,0,16,9,2016,6,9,50,0,1,7,2,4,CR-B AVE,,0,41.56390000,-92.278275000000,0,12,2,0,1,1,0,1,1,1,0,1,0,0000000,99,98,99,98,99,98,0,0,0,1,0
19,190246,1,1,0,0,0,1,1,37,0,26,9,2016,2,8,41,0,1,7,2,4,CR-190TH ST,,0,43.08295278,-92.405911110000,0,72,0,0,1,1,0,4,1,1,0,1,0,0000000,9,3,9,38,10,35,0,0,0,1,0
19,190247,2,2,0,0,0,2,2,61,0,2,10,2016,1,1,12,1,1,3,1,2,US-61,CR-Y38/KEY WEST DR,98,42.43658889,-90.680636110000,0,12,6,0,2,2,0,1,3,2,0,2,0,0000000,1,14,1,23,1,42,0,0,0,1,1
19,190248,3,3,0,1,1,4,4,103,0,2,10,2016,1,20,56,1,1,3,1,2,US-218,,139,41.68885278,-91.635030560000,0,8,0,0,1,1,0,1,3,1,0,1,0,0000000,99,98,99,98,88,88,0,0,0,1,0
19,190249,1,1,0,0,0,1,1,25,0,4,10,2016,3,23,30,0,1,7,2,4,CR-JANESVILLE AVE,,0,42.23109722,-94.735800000000,0,38,0,0,1,1,0,5,2,99,0,99,0,0000000,88,88,88,88,88,88,0,0,0,1,1
19,190250,2,2,0,0,0,4,4,195,0,10,10,2016,2,14,30,0,1,4,1,3,SR-9,,9,43.26980000,-93.472288890000,0,12,2,0,1,1,0,1,1,1,0,1,0,0000000,99,99,99,99,99,99,0,0,0,1,0
19,190251,2,2,0,0,0,2,2,113,0,10,10,2016,2,3,55,0,1,5,2,4,CR-W36/LEWIS ACCESS RD,I-380 RAMP,0,42.17144167,-91.778100000000,0,12,6,1,5,1,0,1,3,1,0,1,0,0000000,4,18,4,25,4,52,0,0,0,1,0
19,190252,1,1,0,0,0,1,1,139,0,11,10,2016,3,6,21,0,1,3,1,3,SR-38,,28,41.47366389,-91.037741670000,0,11,0,0,1,1,0,1,2,10,0,10,0,0000000,6,22,6,31,88,88,0,0,0,1,0
19,190253,2,2,0,0,0,4,4,153,0,11,10,2016,3,21,33,0,1,3,1,3,SR-163,,68,41.59962778,-93.468794440000,0,12,2,0,1,1,0,1,2,1,0,1,0,0000000,99,99,99,99,99,99,0,0,0,1,1
19,190254,2,2,0,0,0,2,2,33,5370,17,8,2016,4,11,30,1,2,3,1,2,US-65 S FEDERAL AVE,ALLEY,151,43.12669167,-93.201138890000,0,12,6,0,2,3,0,1,1,1,0,1,0,0000000,11,31,11,36,99,99,0,0,0,1,0
19,190255,1,1,0,0,0,1,1,153,0,10,9,2016,7,7,23,1,1,3,1,2,US-6 HUBBELL AVE,,112,41.64771111,-93.512530560000,0,24,0,1,19,1,0,4,1,1,0,1,0,0000000,99,98,99,98,88,88,0,0,0,1,0
19,190256,2,2,0,0,0,2,2,177,0,12,10,2016,4,5,41,0,1,5,2,4,CR-J40,,0,40.73153611,-92.010316670000,0,12,2,0,1,1,0,1,2,10,0,10,0,0000000,99,99,99,99,99,99,0,0,0,1,0
19,190257,2,2,0,0,0,2,2,97,0,10,9,2016,7,15,27,0,1,5,2,4,CR-E17/150TH ST,,0,42.16559722,-90.648991670000,0,12,2,0,1,1,0,1,1,1,0,1,0,0000000,99,99,99,99,99,99,0,0,0,1,0
19,190258,1,1,0,0,0,1,1,113,1340,11,9,2016,1,15,58,0,2,3,1,3,SR-922/WILLIAMS BLVD,WILEY BLVD SW,5,41.95201667,-91.724580560000,0,1,0,0,3,2,0,1,1,1,0,1,0,0000000,16,1,16,3,16,40,0,0,0,1,0
19,190259,1,1,0,0,0,1,1,113,0,2,10,2016,1,13,53,0,1,7,2,4,CR-ARABIAN RD,,0,42.13491111,-91.632858330000,0,10,0,0,6,1,0,1,1,1,0,1,0,307816K,99,98,99,98,88,88,0,0,0,1,0
19,190260,1,1,0,0,0,1,1,29,460,13,10,2016,5,21,0,1,2,3,1,2,US-6 7TH ST,CEDAR ST,108,41.40400000,-95.017122220000,0,33,0,0,3,2,0,4,3,1,0,1,0,0000000,99,98,99,98,88,88,0,0,0,1,0
19,190261,1,1,0,0,0,1,1,13,8790,14,10,2016,6,0,4,0,2,4,4,6,NEWELL ST,,0,42.51296389,-92.327152780000,0,42,0,0,1,1,0,5,3,1,0,1,0,0000000,99,98,99,98,88,88,0,0,0,1,0
19,190262,1,1,0,0,0,1,1,41,0,14,10,2016,6,7,30,0,1,4,1,3,SR-10,,73,42.92441944,-95.242169440000,0,30,0,0,1,1,0,4,4,1,0,1,0,0000000,7,34,7,52,88,88,0,0,0,1,0
19,190263,2,2,0,0,0,3,3,67,0,14,10,2016,6,16,56,1,1,3,1,2,US-18,CR-T38/LANCER AVE,109,43.12705000,-92.810272220000,0,12,6,0,2,2,0,1,1,1,0,1,0,0000000,99,98,99,98,88,88,0,0,0,2,0
19,190264,3,3,0,0,0,3,3,149,0,14,10,2016,6,21,54,0,1,3,1,3,SR-3,,293,42.80363333,-96.139227780000,0,12,6,0,1,1,0,1,2,10,0,10,0,0000000,20,54,21,1,21,14,14,0,0,1,0
19,190265,2,2,0,0,0,2,2,111,0,18,10,2016,3,11,8,0,1,3,1,3,SR-2,,158,40.63306667,-91.434819440000,0,12,2,0,1,1,0,1,1,1,0,1,0,0000000,11,4,11,13,11,50,0,0,0,1,0
19,190266,1,1,0,0,0,1,1,127,5320,22,10,2016,7,4,1,0,2,7,4,6,N 4TH ST,,0,42.05328889,-92.919313890000,0,59,0,0,1,1,0,4,3,1,0,1,0,0000000,4,3,4,7,4,21,0,0,0,1,0
19,190267,1,1,0,0,0,4,4,155,0,22,10,2016,7,20,33,1,1,1,1,1,I-80,,379,41.49752778,-95.379913890000,0,1,0,0,1,1,0,3,2,1,0,1,0,0000000,99,99,99,99,99,99,0,0,0,1,1
19,190268,1,1,0,0,0,1,1,153,2260,23,10,2016,1,3,2,0,2,4,4,6,GUTHRIE AVE,,0,41.61498611,-93.573908330000,0,42,0,0,1,1,0,4,3,1,0,1,0,0000000,99,98,99,98,88,88,0,0,0,1,0
19,190269,1,1,0,0,0,1,1,191,0,23,10,2016,1,4,0,0,1,5,2,4,CR-W38/LOCUST RD,,0,43.40352222,-91.735583330000,0,1,0,0,1,1,0,4,2,1,0,1,0,0000000,99,98,99,98,88,88,0,0,0,1,1