STATE,ST_CASE,VE_TOTAL,VE_FORMS,PVH_INVL,PEDS,PERNOTMVIT,PERMVIT,PERSONS,COUNTY,CITY,DAY,MONTH,YEAR,DAY_WEEK,HOUR,MINUTE,NHS,RUR_URB,FUNC_SYS,RD_OWNER,ROUTE,TWAY_ID,TWAY_ID2,MILEPT,LATITUDE,LONGITUD,SP_JUR,HARM_EV,MAN_COLL,RELJCT1,RELJCT2,TYP_INT,WRK_ZONE,REL_ROAD,LGT_COND,WEATHER1,WEATHER2,WEATHER,SCH_BUS,RAIL,NOT_HOUR,NOT_MIN,ARR_HOUR,ARR_MIN,HOSP_HR,HOSP_MN,CF1,CF2,CF3,FATALS,DRUNK_DR
19,190270,1,1,0,0,0,1,1,9,0,24,10,2016,2,17,19,0,1,5,2,4,CR-F16/110TH ST,,0,41.84908611,-95.020513890000,0,1,0,0,1,1,0,4,1,1,0,1,0,0000000,17,19,17,27,17,47,0,0,0,1,0
19,190271,1,1,0,1,1,1,1,141,0,27,10,2016,5,9,47,0,1,4,1,3,SR-10/460TH ST,,97,42.98307500,-95.665819440000,0,9,0,0,8,1,0,1,1,1,0,1,0,0000000,9,48,9,54,10,9,0,0,0,1,0
19,190272,2,2,0,0,0,4,4,153,0,29,10,2016,7,17,24,0,1,4,1,3,SR-415/NW POLK CITY DR,,105,41.74530833,-93.677608330000,0,12,2,0,1,1,1,1,1,1,0,1,0,0000000,99,98,99,98,88,88,3,0,0,1,0
19,190273,2,2,0,0,0,2,2,97,0,22,8,2016,2,5,37,1,1,3,1,2,US-61,CR-Y53/HURSTVILLE RD,55,42.09749167,-90.683461110000,0,12,1,0,2,2,0,1,4,1,0,1,0,0000000,5,37,5,44,88,88,0,0,0,1,0
19,190274,1,1,0,0,0,1,1,65,0,11,10,2016,3,6,13,0,1,5,2,4,CR-W51/CEDAR RD,,0,42.90389722,-91.656127780000,0,1,0,0,1,1,0,4,2,10,0,10,0,0000000,6,22,6,38,7,37,0,0,0,1,0
19,190275,1,1,0,0,0,1,1,87,0,22,10,2016,7,13,48,0,1,5,2,4,CR-X23/NEW LONDON RD,,0,40.89265278,-91.421191670000,0,1,0,0,1,1,0,4,1,1,0,1,0,0000000,13,48,13,59,14,27,0,0,0,1,0
19,190276,2,2,0,0,0,3,3,113,0,24,10,2016,2,15,41,1,1,3,1,2,US-151/DUBUQUE RD,,288,42.05064167,-91.477077780000,0,12,9,0,1,1,0,1,1,1,0,1,1,0000000,15,43,15,52,16,30,0,0,0,1,0
19,190277,1,1,0,0,0,1,1,105,0,28,10,2016,6,11,35,0,1,7,2,4,CR-OLD HWY 151,CR-MILITARY RD,0,42.19382500,-91.218505560000,0,1,0,0,3,3,0,1,1,10,0,10,0,0000000,11,35,11,41,11,53,0,0,0,1,0
19,190278,2,2,0,0,0,2,2,103,0,28,10,2016,6,7,54,1,1,1,1,1,I-80,,51,41.69537778,-91.716747220000,0,12,1,0,1,1,0,1,1,10,0,10,0,0000000,7,56,8,8,99,99,0,0,0,1,0
19,190279,1,1,0,0,0,1,1,15,0,29,10,2016,7,3,30,1,1,3,1,2,US-30,,199,42.02375000,-93.786697220000,0,32,0,0,1,1,0,4,2,10,0,10,0,0000000,99,98,99,98,88,88,0,0,0,1,0
19,190280,2,2,0,0,0,6,6,13,1330,5,11,2016,7,0,5,0,2,3,1,3,SR-57/1ST ST,,57,42.53766389,-92.440597220000,0,12,1,0,1,1,0,1,2,10,0,10,0,0000000,1,11,1,56,99,99,0,0,0,1,0
19,190281,2,2,0,0,0,2,2,181,4020,2,11,2016,4,10,58,1,2,3,1,2,US-65/N JEFFERSON WAY,W HILLCREST AVE,184,41.38026667,-93.558736110000,0,12,1,0,3,2,0,1,1,10,0,10,0,0000000,99,98,99,98,88,88,0,0,0,1,0
19,190282,2,2,0,0,0,4,4,113,0,8,10,2016,7,20,28,0,1,5,2,4,CR-E16/SAWYER RD,CR-E28/JORDANS GROVE RD,0,42.20232222,-91.500258330000,0,12,6,0,2,2,0,1,3,1,0,1,0,0000000,99,99,99,99,99,99,0,0,0,2,0
19,190283,1,1,0,0,0,1,1,163,0,28,10,2016,6,3,15,1,1,1,1,1,I-80,,246,41.59755833,-90.430611110000,0,23,0,0,1,1,0,4,2,1,0,1,0,0000000,99,98,99,98,88,88,0,0,0,1,0
19,190284,2,2,0,0,0,2,2,113,0,12,8,2016,6,11,17,1,1,1,1,1,I-380,,255,42.19104167,-91.811575000000,0,12,1,0,1,1,1,4,1,10,0,10,0,0000000,99,98,99,98,88,88,0,0,0,1,0
19,190285,1,1,0,1,1,1,1,33,5370,11,8,2016,5,6,36,0,2,7,4,6,S CAROLINA AVE,,0,43.13536944,-93.191163890000,0,8,0,0,1,1,0,1,4,2,10,2,0,0000000,6,38,6,43,88,88,0,0,0,1,0
19,190286,2,2,0,0,0,2,2,149,0,28,8,2016,1,23,28,0,1,3,1,3,SR-3,,299,42.80561389,-96.129722220000,0,12,2,0,1,1,0,1,2,1,0,1,0,0000000,23,28,23,39,23,53,0,0,0,1,0
19,190287,1,1,0,1,1,3,3,113,1340,9,9,2016,6,19,16,1,2,3,1,2,US-151 1ST AVE NE,,60,41.99305556,-91.643686110000,0,8,0,0,1,1,0,1,5,2,10,2,0,0000000,19,17,19,21,88,88,0,0,0,1,0
19,190288,1,1,0,1,1,2,2,163,2080,11,9,2016,1,1,20,0,2,4,4,6,WEST 3RD ST,,0,41.52236111,-90.606222220000,0,8,0,0,1,1,0,1,2,1,0,1,0,0000000,1,21,1,25,1,35,0,0,0,1,1
19,190289,2,2,0,0,0,2,2,75,0,24,8,2016,4,20,35,0,1,5,2,4,CR-D17 130TH ST,,0,42.51351944,-92.779788890000,0,12,2,0,1,1,0,1,2,10,0,10,0,0000000,99,99,99,99,99,99,0,0,0,1,0
19,190290,1,1,0,0,0,1,1,181,0,26,8,2016,6,3,19,0,1,6,2,4,CR-R35 ADAMS ST,,0,41.50501944,-93.742758330000,0,42,0,0,1,1,0,4,2,1,0,1,0,0000000,99,98,99,98,88,88,0,0,0,1,0
19,190291,1,1,0,0,0,2,2,99,6090,22,10,2016,7,2,15,0,2,7,4,6,W 4TH ST S,S 15TH AVE W,0,41.68606944,-93.058186110000,0,33,0,0,3,2,0,4,3,1,0,1,0,0000000,99,99,99,99,99,99,0,0,0,1,1
19,190292,3,1,2,0,0,3,3,193,7850,31,10,2016,2,1,39,0,2,7,4,6,W 2ND ST,ROSS ST,0,42.49820000,-96.428266670000,0,14,0,0,3,2,0,4,3,1,0,1,0,0000000,1,40,1,53,2,18,14,0,0,1,1
19,190293,2,2,0,0,0,3,3,113,0,31,10,2016,2,12,50,1,2,1,1,1,I-380,,270,42.20035278,-91.827972220000,0,12,6,0,1,1,0,1,1,10,0,10,0,0000000,13,12,13,29,14,13,0,0,0,1,0
19,190294,1,1,0,0,0,1,1,103,0,25,10,2016,3,17,5,0,1,5,2,4,CR-X14 WAPSI AVE,,0,41.46699444,-91.425908330000,0,1,0,0,1,1,0,4,1,10,0,10,0,0000000,17,6,17,20,88,88,0,0,0,1,1
19,190295,2,2,0,0,0,3,3,153,2260,22,10,2016,7,18,18,0,2,4,4,6,HICKMAN RD,44TH ST,0,41.61486944,-93.677916670000,0,12,6,0,2,2,0,1,1,1,0,1,0,0000000,99,99,99,99,99,99,0,0,0,1,0
19,190296,1,1,0,1,1,1,1,153,2260,27,10,2016,5,6,52,0,2,4,4,6,SW 9TH ST,DAVIS AVE,0,41.56589444,-93.623500000000,0,8,0,0,2,2,0,1,3,1,0,1,0,0000000,6,53,6,59,7,11,0,0,0,1,0
19,190297,1,1,0,0,0,3,3,23,0,27,10,2016,5,19,6,0,1,5,2,4,CR-C33 190TH ST,,0,42.77368889,-92.588975000000,0,32,0,0,1,1,0,4,2,1,0,1,0,0000000,19,10,19,22,19,47,0,0,0,2,1
19,190298,2,2,0,0,0,5,5,1,0,2,11,2016,4,21,31,0,1,4,1,3,SR-25,,3,41.16365000,-94.414236110000,0,12,2,0,1,1,0,1,2,1,0,1,0,0000000,21,31,21,39,22,10,0,0,0,2,1
19,190299,2,2,0,0,0,2,2,113,1340,1,2,2016,2,20,4,0,2,7,4,6,GLASS RD NE,,0,42.01286944,-91.669961110000,0,12,2,0,1,1,0,1,3,5,0,5,0,0000000,19,32,19,37,19,58,0,0,0,1,0
19,190300,2,2,0,0,0,2,2,29,0,4,11,2016,6,5,31,1,1,1,1,1,I-80,,127,41.49712778,-94.906077780000,0,24,0,0,1,1,0,4,2,1,0,1,0,0000000,5,36,5,48,6,14,0,0,0,1,0
19,190301,2,2,0,0,0,2,2,55,0,4,11,2016,6,7,10,0,1,7,2,4,CR-165TH ST,,0,42.54980000,-91.416497220000,0,12,8,0,1,1,0,1,4,1,0,1,0,0000000,99,98,99,98,88,88,0,0,0,1,0
19,190302,1,1,0,0,0,2,2,29,0,5,11,2016,7,13,10,1,1,1,1,1,I-80,,225,41.49678611,-94.713700000000,0,1,0,0,1,1,0,3,1,1,0,1,0,0000000,99,99,99,99,99,99,0,0,0,1,0
19,190303,1,1,0,0,0,2,2,29,0,6,11,2016,1,7,13,1,1,1,1,1,I-80,,9,41.49828889,-95.129250000000,0,1,0,0,1,1,0,4,1,1,0,1,0,0000000,99,99,99,99,99,99,0,0,0,1,1
19,190304,1,1,0,0,0,1,1,113,1340,7,11,2016,2,15,39,0,2,4,4,6,TOWER TERRACE RD,MILLER RD NE,0,42.05890000,-91.706850000000,0,42,0,0,3,3,0,4,1,10,0,10,0,0000000,99,98,99,98,88,88,0,0,0,1,1
19,190305,1,1,0,0,0,1,1,127,0,7,11,2016,2,17,50,0,1,3,1,3,SR-330 MARSHALL BLVD,,14,41.88296111,-93.203602780000,0,58,0,0,1,1,0,3,1,1,0,1,0,0000000,17,54,18,24,19,15,0,0,0,1,0
19,190306,2,2,0,0,0,3,3,111,0,9,11,2016,4,6,15,0,1,4,2,4,CR-130 J40,,0,40.71933889,-91.484741670000,0,12,2,0,1,1,0,1,2,1,0,1,0,0000000,6,15,6,28,99,99,0,0,0,1,0
19,190307,1,1,0,1,1,1,1,155,1900,9,11,2016,4,15,33,1,2,3,1,2,US-6 KANESVILLE BLVD,BENTON ST,42,41.26548333,-95.843200000000,0,8,0,0,3,2,0,1,1,1,0,1,0,0000000,15,34,15,37,15,56,0,0,0,1,0
19,190308,1,1,0,1,1,1,1,163,2080,9,11,2016,4,22,54,0,2,4,4,6,E LOCUST ST,OAK LANE,0,41.53827222,-90.562994440000,0,8,0,0,2,3,0,1,2,1,0,1,0,0000000,22,55,22,57,23,5,0,0,0,1,0
19,190309,2,2,0,0,0,2,2,57,0,9,11,2016,4,21,52,0,1,5,2,4,CR-X62 SUMMER ST,,0,40.73868611,-91.153066670000,0,12,2,0,1,1,0,1,2,1,0,1,0,0000000,22,3,22,17,99,99,0,0,0,1,0
19,190310,2,2,0,0,0,2,2,157,0,10,11,2016,5,15,39,1,1,3,1,2,US-6,,52,41.74600556,-92.663538890000,0,12,1,0,1,1,0,1,1,1,0,1,1,0000000,16,8,16,28,17,5,0,0,0,1,0
19,190311,1,1,0,0,0,2,2,193,7850,11,11,2016,6,3,45,0,2,7,4,6,W 3RD ST,ROSS ST,0,42.49931111,-96.428316670000,0,39,0,0,3,2,0,4,3,1,0,1,0,0000000,3,45,3,55,4,17,20,0,0,1,0
19,190312,1,1,0,0,0,1,1,11,0,12,11,2016,7,0,10,0,1,6,2,4,CR-E36 65TH ST,,0,42.07972222,-92.152883330000,0,1,0,0,1,1,0,4,2,1,0,1,0,0000000,99,98,99,98,88,88,0,0,0,1,1
19,190313,1,1,0,0,0,1,1,163,2080,12,11,2016,7,17,0,1,2,1,1,1,I-80,,145,41.59986389,-90.625983330000,0,6,0,0,1,1,0,4,5,1,0,1,0,0000000,99,98,99,98,88,88,0,0,0,1,0
19,190314,1,1,0,0,0,1,1,11,0,15,11,2016,3,6,50,0,1,5,2,4,CR-V66 21ST AVE,,0,41.89047222,-92.084394440000,0,35,0,0,1,1,0,4,4,5,0,5,0,0000000,7,2,7,4,7,48,0,0,0,1,1
19,190315,1,1,0,0,0,1,1,93,0,15,11,2016,3,16,12,0,1,5,2,4,CR-240TH ST,CR-LANDMARK AVE,0,42.35573333,-95.439130560000,0,35,0,0,3,3,0,4,1,1,0,1,0,0000000,99,98,99,98,88,88,0,0,0,1,0
19,190316,1,1,0,0,0,3,3,125,6650,15,11,2016,3,17,36,0,2,3,1,3,SR-163,,116,41.39037222,-92.924186110000,0,1,0,0,1,1,0,1,5,1,0,1,0,0000000,99,99,99,99,99,99,0,0,0,1,0
19,190317,1,1,0,0,0,1,1,103,0,17,11,2016,5,11,42,0,1,4,1,3,SR-22,,46,41.49600833,-91.409608330000,0,35,0,0,1,1,0,4,1,1,0,1,0,0000000,99,98,99,98,88,88,0,0,0,1,0
19,190318,2,2,0,0,0,2,2,113,1340,19,11,2016,7,16,37,0,2,3,4,6,EDGEWOOD RD NW,,0,41.97600833,-91.715977780000,0,12,6,0,8,1,0,1,5,1,0,1,0,0000000,16,41,16,42,17,10,0,0,0,1,0
19,190319,3,3,0,0,0,6,6,163,2080,20,11,2016,1,9,49,0,2,4,4,6,N DIVISION ST,W 53RD ST,0,41.57448333,-90.600402780000,0,12,2,0,2,2,0,1,1,1,0,1,0,0000000,9,50,9,53,10,23,0,0,0,1,0
19,190320,1,1,0,0,0,1,1,13,1330,21,11,2016,2,14,42,0,2,3,1,3,SR-27,US-218,286,42.53737500,-92.426063890000,0,21,0,1,19,1,0,4,1,10,0,10,0,0000000,99,98,99,98,88,88,0,0,0,1,0
19,190321,3,2,1,0,0,3,3,153,2260,22,11,2016,3,10,35,0,2,3,4,6,MLK JR PKWY,SW 2ND ST,0,41.58237222,-93.617963890000,0,12,1,0,2,2,0,1,1,2,0,2,0,0000000,10,37,10,41,10,52,0,0,0,2,0
19,190322,3,3,0,0,0,10,10,169,0,23,11,2016,4,16,50,1,2,1,1,1,I-35,,15,41.89303056,-93.570969440000,0,12,1,0,1,1,0,1,5,1,0,1,0,0000000,17,3,17,5,17,46,0,0,0,1,0
19,190323,1,1,0,0,0,2,2,57,1120,24,11,2016,5,0,50,0,1,7,2,4,CR-65TH ST,,0,40.77509444,-91.163130560000,0,5,0,0,1,1,0,1,2,1,0,1,0,0000000,88,88,88,88,88,88,0,0,0,1,0
19,190324,2,2,0,0,0,4,4,117,0,24,11,2016,5,20,0,1,1,3,1,2,US-65,,2,40.91149444,-93.482005560000,0,12,7,0,1,1,0,2,2,1,0,1,0,0000000,99,98,99,98,88,88,0,0,0,1,1
19,190325,2,2,0,0,0,2,2,33,0,25,11,2016,6,19,35,1,1,3,1,2,US-65,,89,43.04543333,-93.201322220000,0,12,2,0,1,1,0,1,2,1,0,1,0,0000000,99,99,99,99,99,99,0,0,0,1,0
19,190326,2,2,0,0,0,4,4,113,1340,26,11,2016,7,2,48,1,2,3,1,1,I-380,,82,41.97935833,-91.671194440000,0,12,9,0,1,1,0,1,3,1,0,1,0,0000000,2,51,2,53,99,99,19,0,0,2,0
19,190327,2,2,0,0,0,3,3,23,0,2,12,2016,6,18,23,0,1,4,1,3,SR-14,,39,42.58835556,-92.790494440000,0,12,6,0,8,1,0,1,2,1,0,1,0,0000000,99,98,99,98,88,88,0,0,0,2,0
19,190328,1,1,0,0,0,1,1,165,0,2,12,2016,6,9,45,0,1,7,2,4,CR-TIMBER RD,,0,41.65629444,-95.188502780000,0,35,0,0,1,1,0,4,1,1,0,1,0,0000000,99,98,99,98,88,88,0,0,0,1,0
19,190329,1,1,0,0,0,3,3,39,0,3,12,2016,7,20,0,0,1,6,2,4,CR-COUNTRY CLUB RD,,0,40.99861111,-93.733261110000,0,42,0,0,1,1,0,4,2,10,0,10,0,0000000,99,98,99,98,88,88,0,0,0,3,0
19,190330,1,1,0,1,1,1,1,153,2260,4,12,2016,1,19,54,0,2,4,4,6,UNIVERSITY AVE,,0,41.60032222,-93.682352780000,0,8,0,0,1,1,0,1,3,10,0,10,0,0000000,19,54,19,55,20,16,0,0,0,1,0
19,190331,1,1,0,0,0,3,3,169,0,15,11,2016,3,8,0,1,1,1,1,1,I-35,,174,42.11637500,-93.552683330000,0,1,0,0,1,1,0,4,1,1,0,1,0,0000000,8,7,8,21,8,48,0,0,0,1,0
19,190332,2,2,0,0,0,2,2,181,0,6,12,2016,3,6,42,1,1,3,1,2,US-65,CR-G16 SCOTCH RIDGE RD,245,41.47213333,-93.559080560000,0,12,6,0,2,3,0,1,4,10,0,10,0,0000000,99,99,99,99,99,99,0,0,0,1,0
19,190333,2,2,0,0,0,4,4,103,0,7,12,2016,4,6,30,0,1,4,1,3,SR-22,CR-X14 WAPSI AVE SE,43,41.49611111,-91.425661110000,0,12,6,0,2,2,0,1,2,1,0,1,0,0000000,99,99,99,99,99,99,0,0,0,1,0
19,190334,2,2,0,0,0,2,2,5,0,7,12,2016,4,16,51,0,1,4,1,3,SR-9,,0,43.24065556,-91.590775000000,0,12,2,0,1,1,0,1,5,10,0,10,0,0000000,16,57,17,2,17,25,0,0,0,1,1
19,190335,3,3,0,0,0,12,12,29,0,10,12,2016,7,9,6,1,1,1,1,1,I-80,,176,41.49692500,-94.811555560000,0,12,6,0,1,1,0,1,1,7,10,7,0,0000000,99,99,99,99,99,99,0,0,0,3,0
19,190336,5,5,0,0,0,6,6,39,0,10,12,2016,7,9,50,1,1,1,1,1,I-35,,150,41.11262778,-93.781997220000,0,12,1,0,1,1,0,1,1,7,0,7,0,0000000,10,13,10,32,10,56,0,0,0,1,0
19,190337,1,1,0,1,1,1,1,43,0,13,12,2016,3,17,24,1,1,3,1,2,US-18,,111,43.04116389,-91.391258330000,0,8,0,0,1,1,0,1,3,10,0,10,0,0000000,17,23,17,29,18,8,0,0,0,1,0
19,190338,2,2,0,0,0,4,4,161,0,14,12,2016,4,19,23,0,1,5,2,4,CR-D15 190TH ST,CR-M43 GARD AVE,0,42.51809167,-95.229275000000,0,12,6,0,2,2,0,1,2,1,0,1,0,0000000,99,99,99,99,99,99,0,0,0,2,0
19,190339,1,1,0,0,0,1,1,103,4050,15,12,2016,5,18,3,1,2,1,1,1,I-80,,177,41.68655278,-91.492691670000,0,24,0,0,1,1,0,4,2,1,0,1,0,0000000,18,4,18,12,18,35,0,0,0,1,1
19,190340,1,1,0,0,0,1,1,123,0,15,12,2016,5,17,2,1,1,3,1,2,US-63,,185,41.42361667,-92.651250000000,0,1,0,0,1,1,0,4,2,1,0,1,0,0000000,99,98,99,98,88,88,0,0,0,1,0
19,190341,1,1,0,0,0,1,1,29,0,16,12,2016,6,17,50,1,1,1,1,1,I-80,,215,41.49680278,-94.724561110000,0,35,0,0,1,1,0,4,2,12,0,12,0,0000000,18,6,18,19,19,3,0,0,0,1,0
19,190342,1,1,0,0,0,2,2,121,0,17,12,2016,7,11,27,0,1,5,2,4,CR-G50 SAINT CHARLES RD,,0,41.30122222,-93.947969440000,0,38,0,0,1,1,0,4,1,7,0,7,0,0000000,99,99,99,99,99,99,0,0,0,1,0
19,190343,2,2,0,0,0,2,2,79,0,19,12,2016,2,12,19,1,1,4,1,2,US-69 LITTLE WALL LAKE RD,,99998,42.46366389,-93.640088890000,0,12,6,0,1,1,0,1,1,1,0,1,0,0000000,12,21,12,31,12,59,0,0,0,1,0
19,190344,3,3,0,0,0,5,5,129,0,21,12,2016,4,17,25,0,1,4,1,3,SR-370,CR-189TH ST,30,41.14928333,-95.824747220000,0,12,2,0,2,2,0,1,2,1,0,1,0,0000000,99,99,99,99,99,99,0,0,0,1,0
19,190345,2,2,0,0,0,4,4,129,0,20,11,2016,1,16,50,1,1,3,1,2,US-34,,193,41.03060000,-95.580819440000,0,12,2,0,1,1,0,1,5,10,0,10,0,0000000,16,48,16,59,99,99,0,0,0,1,0
19,190346,1,1,0,0,0,3,3,111,0,2,12,2016,6,1,46,0,1,7,2,4,CR-163 ST,,0,40.72148056,-91.256116670000,0,42,0,0,1,1,0,4,2,10,0,10,0,0000000,99,99,99,99,99,99,0,0,0,1,0
19,190347,2,2,0,0,0,2,2,155,1900,3,12,2016,7,15,23,1,2,1,1,1,I-29,,121,41.27550556,-95.878155560000,0,12,9,0,1,1,0,1,1,4,0,4,0,0000000,15,24,15,28,99,99,0,0,0,1,0
19,190348,1,1,0,0,0,3,3,153,2260,21,12,2016,4,19,53,1,2,1,1,1,I-235,,3,41.59204722,-93.771177780000,0,21,0,0,1,1,0,4,3,1,0,1,0,0000000,99,99,99,99,99,99,0,0,0,2,0
19,190349,2,2,0,0,0,2,2,15,0,23,12,2016,6,8,33,1,1,3,1,2,US-30,,10,42.03463889,-94.141986110000,0,12,6,0,1,1,0,1,1,4,10,4,0,0000000,99,98,99,98,88,88,0,0,0,1,0
19,190350,2,2,0,0,0,2,2,121,0,23,12,2016,6,17,45,1,1,3,1,2,US-169,,173,41.38950278,-94.017825000000,0,12,2,0,1,1,0,1,2,2,10,2,0,0000000,17,54,18,8,18,38,0,0,0,1,1
19,190351,4,4,0,0,0,7,7,161,0,24,12,2016,7,8,24,1,1,3,1,2,US-71 (SR175),,167,42.31153056,-95.082883330000,0,12,2,0,1,1,0,1,1,5,0,5,0,0000000,99,99,99,99,99,99,14,0,0,1,0
19,190352,1,1,0,0,0,1,1,61,0,26,12,2016,2,6,49,1,1,3,1,2,US-151,,56,42.31693056,-90.934383330000,0,1,0,0,1,1,0,3,2,1,0,1,0,0000000,6,53,7,9,7,36,0,0,0,1,0
19,190353,3,1,2,0,0,1,1,99,0,27,12,2016,3,2,1,1,1,1,1,1,I-80,,256,41.69518333,-92.855775000000,0,14,0,0,1,1,0,2,2,1,0,1,0,0000000,99,98,99,98,88,88,14,0,0,1,0
19,190354,3,3,0,0,0,7,7,113,0,3,11,2016,5,15,44,0,1,4,2,4,CR-E34 COUNTY HOME RD,CR-N TROY RD,0,42.09498611,-91.667963890000,0,12,1,0,2,3,0,1,1,1,0,1,0,0000000,99,99,99,99,99,99,0,0,0,2,0
19,190355,2,2,0,0,0,6,6,105,0,18,12,2016,1,14,10,1,1,3,1,2,US-151,CR-215 AVE,32,42.07066389,-91.300730560000,0,12,6,0,2,2,0,1,1,1,0,1,0,0000000,14,27,14,32,15,0,0,0,0,2,0
19,190356,2,2,0,0,0,2,2,7,0,27,12,2016,3,22,5,0,1,4,1,3,SR-5,,82,40.65510278,-92.867983330000,0,12,2,0,1,1,0,1,2,1,0,1,0,0000000,22,11,22,17,22,40,0,0,0,2,1
19,190357,2,2,0,0,0,4,4,153,2260,30,12,2016,6,17,34,0,2,3,4,6,19TH ST,CLARK ST,0,41.60587500,-93.642627780000,0,12,6,0,2,2,0,1,3,1,0,1,0,0000000,17,33,17,38,17,50,20,0,0,1,1
19,190360,1,1,0,0,0,1,1,51,0,14,6,2016,3,18,13,0,1,6,3,6,160TH ST,,0,40.82798333,-92.393277780000,0,42,0,0,1,1,0,5,1,1,0,1,0,0000000,99,99,99,99,99,99,0,0,0,1,0